QW_SEQ,CEN,UNF_MEHG
2847,TRUE,0.02
2849,TRUE,0.02
2862,TRUE,0.02
2719,TRUE,0.02
2741,TRUE,0.02
2744,TRUE,0.02
2752,TRUE,0.02
2759,TRUE,0.02
2766,TRUE,0.02
2772,TRUE,0.02
2776,TRUE,0.02
2782,TRUE,0.02
2783,TRUE,0.02
2792,TRUE,0.02
2794,TRUE,0.02
2807,TRUE,0.02
2815,TRUE,0.02
2818,TRUE,0.02
2824,TRUE,0.02
2829,TRUE,0.02
2837,TRUE,0.02
3075,TRUE,0.02
3077,TRUE,0.02
3079,TRUE,0.02
3125,TRUE,0.02
3126,TRUE,0.02
3162,TRUE,0.02
3168,TRUE,0.02
3214,TRUE,0.02
3215,TRUE,0.02
3226,TRUE,0.02
4134,TRUE,0.02
3754,TRUE,0.02
3757,TRUE,0.02
3764,TRUE,0.02
3765,TRUE,0.02
3766,TRUE,0.02
3768,TRUE,0.02
3769,TRUE,0.02
4336,TRUE,0.02
4339,TRUE,0.02
4342,TRUE,0.02
4343,TRUE,0.02
4346,TRUE,0.02
4347,TRUE,0.02
4348,TRUE,0.02
4350,TRUE,0.02
4351,TRUE,0.02
4352,TRUE,0.02
4361,TRUE,0.02
4362,TRUE,0.02
4364,TRUE,0.02
4365,TRUE,0.02
4372,TRUE,0.02
4373,TRUE,0.02
4376,TRUE,0.02
4377,TRUE,0.02
4378,TRUE,0.02
4379,TRUE,0.02
4380,TRUE,0.02
4382,TRUE,0.02
4388,TRUE,0.02
4390,TRUE,0.02
4391,TRUE,0.02
4394,TRUE,0.02
4395,TRUE,0.02
4396,TRUE,0.02
4397,TRUE,0.02
4398,TRUE,0.02
4399,TRUE,0.02
4400,TRUE,0.02
4401,TRUE,0.02
4402,TRUE,0.02
4860,TRUE,0.02
4864,TRUE,0.02
4866,TRUE,0.02
4871,TRUE,0.02
4872,TRUE,0.02
4873,TRUE,0.02
4878,TRUE,0.02
4879,FALSE,0.02
4887,TRUE,0.02
4889,TRUE,0.02
4890,TRUE,0.02
4901,TRUE,0.02
4903,TRUE,0.02
4919,TRUE,0.02
4939,TRUE,0.02
4941,TRUE,0.02
4945,TRUE,0.02
4953,TRUE,0.02
4628,TRUE,0.02
4629,TRUE,0.02
4630,TRUE,0.02
4631,TRUE,0.02
4632,TRUE,0.02
4634,TRUE,0.02
4635,TRUE,0.02
4639,TRUE,0.02
4642,TRUE,0.02
4645,TRUE,0.02
4646,TRUE,0.02
4648,TRUE,0.02
4672,TRUE,0.02
4678,TRUE,0.02
4680,TRUE,0.02
4681,TRUE,0.02
4683,TRUE,0.02
4684,TRUE,0.02
4687,TRUE,0.02
4688,TRUE,0.02
4694,TRUE,0.02
4695,TRUE,0.02
4696,TRUE,0.02
4703,TRUE,0.02
4705,TRUE,0.02
4714,TRUE,0.02
4723,TRUE,0.02
4724,TRUE,0.02
4727,TRUE,0.02
4732,TRUE,0.02
4734,TRUE,0.02
4735,TRUE,0.02
4737,TRUE,0.02
4741,TRUE,0.02
4746,TRUE,0.02
4748,TRUE,0.02
4755,TRUE,0.02
4831,TRUE,0.02
4833,TRUE,0.02
4837,TRUE,0.02
4838,TRUE,0.02
4839,TRUE,0.02
4843,TRUE,0.02
4849,TRUE,0.02
4850,TRUE,0.02
5306,TRUE,0.02
5307,TRUE,0.02
5309,TRUE,0.02
5310,TRUE,0.02
5312,TRUE,0.02
5314,TRUE,0.02
5315,TRUE,0.02
5055,TRUE,0.02
5056,TRUE,0.02
5074,TRUE,0.02
5076,TRUE,0.02
5283,TRUE,0.02
5284,TRUE,0.02
5285,TRUE,0.02
5289,TRUE,0.02
5290,TRUE,0.02
2735,FALSE,0.020048194
2737,FALSE,0.020665361
4647,FALSE,0.020853752
5046,FALSE,0.021
5282,FALSE,0.021
2790,FALSE,0.021493333
3140,FALSE,0.021640689
4677,FALSE,0.02192395
4870,FALSE,0.022
4888,FALSE,0.022
4891,FALSE,0.022
4900,FALSE,0.022
4640,FALSE,0.022
5064,TRUE,0.022
3256,FALSE,0.022280239
3100,FALSE,0.022329248
2745,FALSE,0.022731889
4928,FALSE,0.023
2734,FALSE,0.02323181
4674,FALSE,0.023305157
2767,FALSE,0.023416782
3127,FALSE,0.023741395
5270,FALSE,0.024
2827,FALSE,0.024321714
4750,FALSE,0.024703163
4937,FALSE,0.0248
4337,FALSE,0.025
4886,FALSE,0.025
4760,FALSE,0.025
5059,TRUE,0.025
5060,TRUE,0.025
4697,FALSE,0.025165381
4744,FALSE,0.02552738
3078,FALSE,0.025721177
5304,FALSE,0.026
5316,FALSE,0.026
5080,FALSE,0.026
3161,FALSE,0.02606037
3102,FALSE,0.026263257
4740,FALSE,0.026642171
4804,FALSE,0.02664517
3076,FALSE,0.02668248
3777,FALSE,0.027
4914,FALSE,0.027
5061,FALSE,0.027
4742,FALSE,0.027117713
3123,FALSE,0.0276396
3775,FALSE,0.028
4407,FALSE,0.028
3153,FALSE,0.028293762
2850,FALSE,0.028708622
4728,FALSE,0.028740022
4437,FALSE,0.028913286
4385,FALSE,0.029
4922,FALSE,0.029
3234,FALSE,0.02922312
4412,FALSE,0.029794036
3349,FALSE,0.03
3362,FALSE,0.03
3363,FALSE,0.03
3364,TRUE,0.03
3365,TRUE,0.03
3366,TRUE,0.03
4404,FALSE,0.03
4949,FALSE,0.03
5291,FALSE,0.03
3752,FALSE,0.031
4375,FALSE,0.031
4909,FALSE,0.031
4636,FALSE,0.031
5308,FALSE,0.031
4739,FALSE,0.031051167
4818,FALSE,0.031067219
2722,FALSE,0.031143142
3099,FALSE,0.031255342
2866,FALSE,0.031390829
3103,FALSE,0.031406955
4722,FALSE,0.03142419
4651,FALSE,0.031685455
3104,FALSE,0.031976543
4353,FALSE,0.032
4370,FALSE,0.032
4902,FALSE,0.032
4077,FALSE,0.032176954
4706,FALSE,0.032312325
4654,FALSE,0.032422057
2751,FALSE,0.03284931
4360,FALSE,0.033
4389,FALSE,0.033
4925,FALSE,0.033
5075,FALSE,0.033
4686,FALSE,0.033459644
2758,FALSE,0.033633036
4691,FALSE,0.033717066
3101,FALSE,0.03381393
5062,FALSE,0.034
4655,FALSE,0.034610524
3225,FALSE,0.03467176
3154,FALSE,0.034676516
4745,FALSE,0.03494381
4874,FALSE,0.035
4880,FALSE,0.035
4853,FALSE,0.035
5271,FALSE,0.035
4690,FALSE,0.035492377
3257,FALSE,0.035716255
2860,FALSE,0.035886976
4893,FALSE,0.036
4641,FALSE,0.036
5050,FALSE,0.036
5078,FALSE,0.036
3152,FALSE,0.036243421
4656,FALSE,0.036357026
2809,FALSE,0.036470507
4754,FALSE,0.036625293
4699,FALSE,0.036891667
3755,FALSE,0.037
4344,FALSE,0.037
4355,FALSE,0.037
4923,FALSE,0.037
4637,FALSE,0.037
3819,FALSE,0.037280171
2833,FALSE,0.037372464
2779,FALSE,0.037551613
3124,FALSE,0.037705039
2826,FALSE,0.037792965
3155,FALSE,0.037939782
3772,FALSE,0.038
4915,FALSE,0.038
3255,FALSE,0.038075847
2721,FALSE,0.03840165
3235,FALSE,0.038448103
4657,FALSE,0.038746275
2746,FALSE,0.038866163
4349,FALSE,0.039
4371,FALSE,0.039
4408,FALSE,0.039
4924,FALSE,0.039
5070,FALSE,0.039
4832,FALSE,0.039513458
2887,FALSE,0.04
3298,TRUE,0.04
3304,FALSE,0.04
3331,FALSE,0.04
3337,FALSE,0.04
3340,FALSE,0.04
3353,TRUE,0.04
3354,TRUE,0.04
3355,TRUE,0.04
3356,TRUE,0.04
3357,TRUE,0.04
3358,FALSE,0.04
3359,FALSE,0.04
3361,FALSE,0.04
3368,TRUE,0.04
3369,TRUE,0.04
3370,TRUE,0.04
3371,TRUE,0.04
3372,TRUE,0.04
3392,FALSE,0.04
2983,TRUE,0.04
2984,TRUE,0.04
2985,TRUE,0.04
2986,TRUE,0.04
2990,TRUE,0.04
2994,TRUE,0.04
2995,TRUE,0.04
3025,TRUE,0.04
3026,TRUE,0.04
3029,TRUE,0.04
3037,FALSE,0.04
3063,FALSE,0.04
3064,FALSE,0.04
3080,FALSE,0.04
3105,FALSE,0.04
3116,FALSE,0.04
3148,FALSE,0.04
3198,TRUE,0.04
3216,TRUE,0.04
3396,TRUE,0.04
3443,TRUE,0.04
4070,TRUE,0.04
4079,TRUE,0.04
4082,FALSE,0.04
4148,TRUE,0.04
3823,TRUE,0.04
4167,TRUE,0.04
4415,TRUE,0.04
4993,TRUE,0.04
4994,FALSE,0.04
5007,TRUE,0.04
5025,TRUE,0.04
5028,TRUE,0.04
5302,FALSE,0.04
5272,FALSE,0.04
4841,FALSE,0.040683541
2786,FALSE,0.040744415
4675,FALSE,0.040820925
4861,FALSE,0.041
4875,FALSE,0.041
4934,FALSE,0.041
5320,FALSE,0.041
5269,FALSE,0.041
2834,FALSE,0.041001207
4834,FALSE,0.041147491
4844,FALSE,0.041366046
4644,FALSE,0.042
5273,FALSE,0.042
2727,FALSE,0.042652626
4845,FALSE,0.042991821
4862,FALSE,0.043
4918,FALSE,0.043
5161,FALSE,0.043
4653,FALSE,0.043480901
4667,FALSE,0.043715878
4738,FALSE,0.043802412
2825,FALSE,0.044
2773,FALSE,0.044056781
4852,FALSE,0.044743124
4345,FALSE,0.045
4410,FALSE,0.045
4743,FALSE,0.045023134
4733,FALSE,0.045879469
3747,FALSE,0.046
4358,FALSE,0.046
5063,FALSE,0.046
4762,FALSE,0.047
4854,FALSE,0.047
4704,FALSE,0.047240508
4664,FALSE,0.047707405
4659,FALSE,0.047933251
4384,FALSE,0.048
4405,FALSE,0.048
4411,FALSE,0.048
4857,FALSE,0.048
4916,FALSE,0.048
5094,FALSE,0.048618207
3774,FALSE,0.049
4858,FALSE,0.049
5321,FALSE,0.049
5073,FALSE,0.049
2714,FALSE,0.05
2728,FALSE,0.05
2739,FALSE,0.05
2763,FALSE,0.05
2777,FALSE,0.05
2788,FALSE,0.05
2791,FALSE,0.05
2801,FALSE,0.05
2836,FALSE,0.05
2838,FALSE,0.05
3245,FALSE,0.05
3250,FALSE,0.05
3251,FALSE,0.05
3328,FALSE,0.05
3346,FALSE,0.05
3360,FALSE,0.05
3367,FALSE,0.05
3038,FALSE,0.05
3065,FALSE,0.05
3082,FALSE,0.05
3093,FALSE,0.05
3094,FALSE,0.05
3134,FALSE,0.05
3149,FALSE,0.05
3159,FALSE,0.05
3165,FALSE,0.05
3203,FALSE,0.05
3204,FALSE,0.05
3212,FALSE,0.05
3222,FALSE,0.05
3237,FALSE,0.05
3397,FALSE,0.05
3400,FALSE,0.05
3431,FALSE,0.05
4071,FALSE,0.05
4072,FALSE,0.05
4944,FALSE,0.05
4965,FALSE,0.05
5012,FALSE,0.05
4763,FALSE,0.05
4806,FALSE,0.05
5311,FALSE,0.05
5042,FALSE,0.05
4649,FALSE,0.050280529
4716,FALSE,0.0506
4652,FALSE,0.050661337
4363,FALSE,0.051
4881,FALSE,0.051
4927,FALSE,0.051
4936,FALSE,0.051791243
4340,FALSE,0.052
4354,FALSE,0.052
4913,FALSE,0.052
4676,FALSE,0.052895917
4935,FALSE,0.053
4624,FALSE,0.053
4720,FALSE,0.053303165
4663,FALSE,0.053606662
4876,FALSE,0.054
4761,FALSE,0.054
5294,FALSE,0.054
4842,FALSE,0.054248837
4758,FALSE,0.054447448
4638,FALSE,0.055
4414,FALSE,0.055382057
4921,FALSE,0.056
5058,FALSE,0.056
5180,FALSE,0.056
4417,FALSE,0.056569004
4335,FALSE,0.057
4859,FALSE,0.057
4865,FALSE,0.057
5077,FALSE,0.057
4413,FALSE,0.057134026
4938,FALSE,0.0577
4650,FALSE,0.057941087
4359,FALSE,0.058
3778,FALSE,0.059
4917,FALSE,0.059
5319,FALSE,0.059
4752,FALSE,0.059120112
4439,FALSE,0.059202958
4434,FALSE,0.059821543
2840,FALSE,0.06
2716,FALSE,0.06
2717,FALSE,0.06
2740,FALSE,0.06
2757,FALSE,0.06
2774,FALSE,0.06
2784,FALSE,0.06
2795,FALSE,0.06
2830,FALSE,0.06
3252,FALSE,0.06
3261,FALSE,0.06
3336,FALSE,0.06
3339,FALSE,0.06
3395,FALSE,0.06
2993,FALSE,0.06
3030,FALSE,0.06
3050,FALSE,0.06
3066,FALSE,0.06
3067,FALSE,0.06
3095,FALSE,0.06
3107,FALSE,0.06
3117,FALSE,0.06
3118,FALSE,0.06
3150,FALSE,0.06
3157,FALSE,0.06
3197,FALSE,0.06
3199,FALSE,0.06
3205,FALSE,0.06
3399,FALSE,0.06
4051,FALSE,0.06
4106,FALSE,0.06
4869,FALSE,0.06
4943,FALSE,0.06
4946,FALSE,0.06
4950,FALSE,0.06
4989,FALSE,0.06
5027,FALSE,0.06
5034,FALSE,0.06
5040,FALSE,0.06
3773,FALSE,0.061
4367,FALSE,0.061
4409,FALSE,0.061
4643,FALSE,0.061
4766,FALSE,0.061
5067,FALSE,0.061
5268,FALSE,0.061
4662,FALSE,0.061171767
4436,FALSE,0.061509141
4877,FALSE,0.062
5081,FALSE,0.062
4730,FALSE,0.062539079
4907,FALSE,0.065
4855,FALSE,0.065
4899,FALSE,0.066
5322,FALSE,0.066
5065,FALSE,0.066
4689,FALSE,0.066989321
4863,FALSE,0.067
5185,FALSE,0.067351765
3759,FALSE,0.068
4885,FALSE,0.068
4926,FALSE,0.068
4426,FALSE,0.068220295
4709,FALSE,0.06876344
4736,FALSE,0.069
2848,FALSE,0.07
2852,FALSE,0.07
2859,FALSE,0.07
2861,FALSE,0.07
2898,FALSE,0.07
2922,FALSE,0.07
2715,FALSE,0.07
2720,FALSE,0.07
2724,FALSE,0.07
2731,FALSE,0.07
2780,FALSE,0.07
2805,FALSE,0.07
3280,FALSE,0.07
3283,FALSE,0.07
3338,FALSE,0.07
3348,FALSE,0.07
2952,FALSE,0.07
3024,FALSE,0.07
3028,FALSE,0.07
3039,FALSE,0.07
3040,FALSE,0.07
3068,FALSE,0.07
3069,FALSE,0.07
3070,FALSE,0.07
3087,FALSE,0.07
3088,FALSE,0.07
3119,FALSE,0.07
3131,FALSE,0.07
3135,FALSE,0.07
3143,FALSE,0.07
3144,FALSE,0.07
3200,FALSE,0.07
3206,FALSE,0.07
3209,FALSE,0.07
3434,FALSE,0.07
4083,FALSE,0.07
4971,FALSE,0.07
4790,FALSE,0.07
4827,FALSE,0.07
5039,FALSE,0.07
5044,FALSE,0.07
4830,FALSE,0.070215684
4726,FALSE,0.07057717
5274,FALSE,0.072
4661,FALSE,0.073451994
5088,FALSE,0.073845447
5279,FALSE,0.075
5182,FALSE,0.077
4427,FALSE,0.077425116
4673,FALSE,0.0788
4756,FALSE,0.07893294
4721,FALSE,0.079037008
2842,FALSE,0.08
2750,FALSE,0.08
2785,FALSE,0.08
3253,FALSE,0.08
3285,FALSE,0.08
3299,FALSE,0.08
3327,FALSE,0.08
3350,FALSE,0.08
2957,FALSE,0.08
3013,FALSE,0.08
3022,FALSE,0.08
3034,FALSE,0.08
3041,FALSE,0.08
3043,FALSE,0.08
3049,FALSE,0.08
3051,FALSE,0.08
3083,FALSE,0.08
3084,FALSE,0.08
3085,FALSE,0.08
3096,FALSE,0.08
3108,FALSE,0.08
3120,FALSE,0.08
3121,FALSE,0.08
3128,FALSE,0.08
3136,FALSE,0.08
3141,FALSE,0.08
3151,FALSE,0.08
3213,FALSE,0.08
3217,FALSE,0.08
3410,FALSE,0.08
3417,FALSE,0.08
4081,FALSE,0.08
4403,FALSE,0.08
4969,FALSE,0.08
5030,FALSE,0.08
4814,FALSE,0.08
4820,FALSE,0.08
5045,FALSE,0.08
5286,FALSE,0.08
4840,FALSE,0.08078487
4366,FALSE,0.081
4387,FALSE,0.081
4702,FALSE,0.081685622
4912,FALSE,0.082
5305,FALSE,0.082
4725,FALSE,0.082800233
4692,FALSE,0.083199333
4425,FALSE,0.083508132
4764,FALSE,0.084
5292,FALSE,0.084
3760,FALSE,0.085
4627,FALSE,0.085
5281,FALSE,0.085
4386,FALSE,0.086
4406,FALSE,0.086
4882,FALSE,0.087
4420,FALSE,0.08783681
4856,FALSE,0.088
4422,FALSE,0.088460564
3771,FALSE,0.089
5296,FALSE,0.089
2897,FALSE,0.09
2899,FALSE,0.09
2754,FALSE,0.09
2768,FALSE,0.09
2796,FALSE,0.09
3238,FALSE,0.09
3246,FALSE,0.09
2987,FALSE,0.09
3042,FALSE,0.09
3052,FALSE,0.09
3053,FALSE,0.09
3071,FALSE,0.09
3081,FALSE,0.09
3091,FALSE,0.09
3122,FALSE,0.09
3160,FALSE,0.09
3166,FALSE,0.09
3223,FALSE,0.09
3233,FALSE,0.09
3409,FALSE,0.09
4948,FALSE,0.09
4968,FALSE,0.09
4995,FALSE,0.09
4809,FALSE,0.09
3749,FALSE,0.091
4910,FALSE,0.091
4682,FALSE,0.091226598
4428,FALSE,0.091938685
3851,FALSE,0.092
3753,FALSE,0.093
5178,FALSE,0.093
4940,FALSE,0.093264348
4906,FALSE,0.094
4669,FALSE,0.094637159
3776,FALSE,0.095
4433,FALSE,0.095891239
4868,FALSE,0.096
4992,FALSE,0.096836984
5158,FALSE,0.097
5176,FALSE,0.097
4749,FALSE,0.09725596
4369,FALSE,0.099
4626,FALSE,0.099
4713,FALSE,0.099455785
2870,FALSE,0.1
2886,FALSE,0.1
2718,FALSE,0.1
2743,FALSE,0.1
2775,FALSE,0.1
2787,FALSE,0.1
2789,FALSE,0.1
2797,FALSE,0.1
2806,FALSE,0.1
2810,FALSE,0.1
2814,FALSE,0.1
2822,FALSE,0.1
2823,FALSE,0.1
3239,FALSE,0.1
3262,FALSE,0.1
2998,FALSE,0.1
3015,FALSE,0.1
3018,FALSE,0.1
3027,FALSE,0.1
3032,FALSE,0.1
3047,FALSE,0.1
3054,FALSE,0.1
3072,FALSE,0.1
3089,FALSE,0.1
3130,FALSE,0.1
3137,FALSE,0.1
3147,FALSE,0.1
3170,FALSE,0.1
3188,FALSE,0.1
3398,FALSE,0.1
4203,FALSE,0.1
4204,FALSE,0.1
4929,FALSE,0.1
5001,FALSE,0.1
5049,FALSE,0.1
4392,FALSE,0.101
5317,FALSE,0.101
4418,FALSE,0.101477484
4898,FALSE,0.102
3770,FALSE,0.103
4416,FALSE,0.103124653
3756,FALSE,0.104
4747,FALSE,0.106274959
4693,FALSE,0.106306118
4668,FALSE,0.107980925
4895,FALSE,0.108
4633,FALSE,0.108
4729,FALSE,0.108298325
4435,FALSE,0.109636781
2841,FALSE,0.11
2843,FALSE,0.11
2854,FALSE,0.11
2896,FALSE,0.11
2921,FALSE,0.11
2939,FALSE,0.11
2729,FALSE,0.11
2756,FALSE,0.11
2771,FALSE,0.11
3241,FALSE,0.11
3258,FALSE,0.11
3282,FALSE,0.11
3330,FALSE,0.11
3341,FALSE,0.11
2976,FALSE,0.11
2999,FALSE,0.11
3001,FALSE,0.11
3012,FALSE,0.11
3017,FALSE,0.11
3055,FALSE,0.11
3109,FALSE,0.11
3185,FALSE,0.11
3228,FALSE,0.11
3427,FALSE,0.11
3758,FALSE,0.11
3825,FALSE,0.11
4974,FALSE,0.11
5033,FALSE,0.11
5035,FALSE,0.11
4810,FALSE,0.11
5278,FALSE,0.11
4894,FALSE,0.111
4933,FALSE,0.111
4625,FALSE,0.111
4700,FALSE,0.111640398
4707,FALSE,0.112834306
4867,FALSE,0.113
4931,FALSE,0.114
5177,FALSE,0.114065199
4896,FALSE,0.117
4665,FALSE,0.11731587
3761,FALSE,0.118
2856,FALSE,0.12
2864,FALSE,0.12
2923,FALSE,0.12
2770,FALSE,0.12
2793,FALSE,0.12
2802,FALSE,0.12
2832,FALSE,0.12
3259,FALSE,0.12
3263,FALSE,0.12
3284,FALSE,0.12
3286,FALSE,0.12
3306,FALSE,0.12
3376,FALSE,0.12
2965,FALSE,0.12
2988,FALSE,0.12
3010,FALSE,0.12
3036,FALSE,0.12
3058,FALSE,0.12
3090,FALSE,0.12
3097,FALSE,0.12
3132,FALSE,0.12
3156,FALSE,0.12
3164,FALSE,0.12
3207,FALSE,0.12
3224,FALSE,0.12
3416,FALSE,0.12
4947,FALSE,0.12
4952,FALSE,0.12
4984,FALSE,0.12
5008,FALSE,0.12
5016,FALSE,0.12
5031,FALSE,0.12
4607,FALSE,0.12
4608,FALSE,0.12
4620,FALSE,0.12
4621,FALSE,0.12
4805,FALSE,0.12
4808,FALSE,0.12
5054,FALSE,0.12
5057,FALSE,0.12
5172,FALSE,0.120058452
4829,FALSE,0.123028468
4368,FALSE,0.124
4897,FALSE,0.124
4670,FALSE,0.1241993
5086,FALSE,0.124662301
4424,FALSE,0.125993887
4768,FALSE,0.126
4765,FALSE,0.127
5091,FALSE,0.127166939
4718,FALSE,0.128505014
4851,FALSE,0.129145702
2892,FALSE,0.13
2938,FALSE,0.13
2762,FALSE,0.13
2764,FALSE,0.13
2817,FALSE,0.13
2820,FALSE,0.13
2831,FALSE,0.13
3240,FALSE,0.13
3242,FALSE,0.13
3260,FALSE,0.13
3295,FALSE,0.13
3301,FALSE,0.13
3342,FALSE,0.13
3374,FALSE,0.13
2960,FALSE,0.13
2992,FALSE,0.13
3019,FALSE,0.13
3031,FALSE,0.13
3045,FALSE,0.13
3073,FALSE,0.13
3106,FALSE,0.13
3163,FALSE,0.13
3169,FALSE,0.13
3236,FALSE,0.13
3440,FALSE,0.13
4807,FALSE,0.13
4828,FALSE,0.13
4338,FALSE,0.131
4932,FALSE,0.131
5170,FALSE,0.131528687
5318,FALSE,0.132
4671,FALSE,0.132600899
4930,FALSE,0.134
4421,FALSE,0.134285505
4423,FALSE,0.135178017
4846,FALSE,0.135659089
4719,FALSE,0.136319537
4905,FALSE,0.137
5085,FALSE,0.137131209
4775,FALSE,0.138
5092,FALSE,0.138740896
2920,FALSE,0.14
2730,FALSE,0.14
2755,FALSE,0.14
2813,FALSE,0.14
2828,FALSE,0.14
3291,FALSE,0.14
3002,FALSE,0.14
3074,FALSE,0.14
3138,FALSE,0.14
3418,FALSE,0.14
3439,FALSE,0.14
3820,FALSE,0.14
3821,FALSE,0.14
5009,FALSE,0.14
5017,FALSE,0.14
4731,FALSE,0.140405498
4757,FALSE,0.142956419
5183,FALSE,0.143
5303,FALSE,0.144
4430,FALSE,0.14471744
5313,FALSE,0.146
5053,FALSE,0.147
5293,FALSE,0.148
4908,FALSE,0.149
2844,FALSE,0.15
2869,FALSE,0.15
2879,FALSE,0.15
2917,FALSE,0.15
2781,FALSE,0.15
2961,FALSE,0.15
2962,FALSE,0.15
2991,FALSE,0.15
3006,FALSE,0.15
3016,FALSE,0.15
3021,FALSE,0.15
3048,FALSE,0.15
3115,FALSE,0.15
3221,FALSE,0.15
4056,FALSE,0.15
3824,FALSE,0.15
4996,FALSE,0.15
3751,FALSE,0.151
5184,FALSE,0.151
4431,FALSE,0.151307516
4767,FALSE,0.153
4712,FALSE,0.153140016
5287,FALSE,0.158
4848,FALSE,0.158710707
2761,FALSE,0.16
2821,FALSE,0.16
3288,FALSE,0.16
3378,FALSE,0.16
2980,FALSE,0.16
2996,FALSE,0.16
3000,FALSE,0.16
3011,FALSE,0.16
3145,FALSE,0.16
3219,FALSE,0.16
4951,FALSE,0.16
4998,FALSE,0.16
5005,FALSE,0.16
5013,FALSE,0.16
4836,FALSE,0.165
4666,FALSE,0.165574799
3762,FALSE,0.166
3763,FALSE,0.167
4441,FALSE,0.169330788
2858,FALSE,0.17
2700,FALSE,0.17
2733,FALSE,0.17
2769,FALSE,0.17
2798,FALSE,0.17
2804,FALSE,0.17
3275,FALSE,0.17
3277,FALSE,0.17
3377,FALSE,0.17
3379,FALSE,0.17
2989,FALSE,0.17
2997,FALSE,0.17
3004,FALSE,0.17
3007,FALSE,0.17
3056,FALSE,0.17
3098,FALSE,0.17
3181,FALSE,0.17
3201,FALSE,0.17
3412,FALSE,0.17
3433,FALSE,0.17
3435,FALSE,0.17
4612,FALSE,0.17
4613,FALSE,0.17
5043,FALSE,0.17
5052,FALSE,0.17
4990,FALSE,0.170236054
4991,FALSE,0.170509355
5179,FALSE,0.172
5163,FALSE,0.174
4884,FALSE,0.175
4776,FALSE,0.176
2908,FALSE,0.18
2701,FALSE,0.18
2703,FALSE,0.18
2704,FALSE,0.18
2742,FALSE,0.18
3297,FALSE,0.18
3380,FALSE,0.18
3384,FALSE,0.18
2966,FALSE,0.18
2981,FALSE,0.18
3061,FALSE,0.18
3113,FALSE,0.18
3220,FALSE,0.18
3413,FALSE,0.18
4075,FALSE,0.18
4132,FALSE,0.18
4192,FALSE,0.18
5020,FALSE,0.18
4614,FALSE,0.18
4615,FALSE,0.18
5019,FALSE,0.180087772
4440,FALSE,0.182482107
4429,FALSE,0.182715907
4711,FALSE,0.183354225
5093,FALSE,0.184
5162,FALSE,0.188812585
2878,FALSE,0.19
2696,FALSE,0.19
2726,FALSE,0.19
2738,FALSE,0.19
3243,FALSE,0.19
3290,FALSE,0.19
3302,FALSE,0.19
3014,FALSE,0.19
3110,FALSE,0.19
3129,FALSE,0.19
4052,FALSE,0.19
4616,FALSE,0.19
4617,FALSE,0.19
4821,FALSE,0.19
4826,FALSE,0.19
4393,FALSE,0.191
5048,FALSE,0.191
5323,FALSE,0.194
2916,FALSE,0.2
2941,FALSE,0.2
2945,FALSE,0.2
2674,FALSE,0.2
2686,FALSE,0.2
2708,FALSE,0.2
3249,FALSE,0.2
3287,FALSE,0.2
3332,FALSE,0.2
2968,FALSE,0.2
2973,FALSE,0.2
2975,FALSE,0.2
2979,FALSE,0.2
3020,FALSE,0.2
3062,FALSE,0.2
3146,FALSE,0.2
3229,FALSE,0.2
3411,FALSE,0.2
4531,FALSE,0.2
4532,FALSE,0.2
5032,FALSE,0.2
5041,FALSE,0.2
5097,FALSE,0.2
4701,FALSE,0.200760837
4751,FALSE,0.201228625
4717,FALSE,0.202259495
5275,FALSE,0.208
4892,FALSE,0.209
2855,FALSE,0.21
2677,FALSE,0.21
2684,FALSE,0.21
3281,FALSE,0.21
3375,FALSE,0.21
3023,FALSE,0.21
3111,FALSE,0.21
3419,FALSE,0.21
3425,FALSE,0.21
4970,FALSE,0.21
4985,FALSE,0.21
4997,FALSE,0.21
5037,FALSE,0.21
3853,FALSE,0.211
4383,FALSE,0.214
2702,FALSE,0.22
2736,FALSE,0.22
2748,FALSE,0.22
2839,FALSE,0.22
3003,FALSE,0.22
3009,FALSE,0.22
3167,FALSE,0.22
3171,FALSE,0.22
3415,FALSE,0.22
4050,FALSE,0.22
3829,FALSE,0.22
4972,FALSE,0.22
4438,FALSE,0.220701263
4911,FALSE,0.228
3294,FALSE,0.23
3329,FALSE,0.23
3343,FALSE,0.23
3344,FALSE,0.23
3382,FALSE,0.23
3057,FALSE,0.23
3086,FALSE,0.23
4598,FALSE,0.23
4602,FALSE,0.23
4605,FALSE,0.23
5295,FALSE,0.238
2925,FALSE,0.24
2725,FALSE,0.24
3248,FALSE,0.24
3293,FALSE,0.24
2969,FALSE,0.24
2977,FALSE,0.24
3005,FALSE,0.24
3060,FALSE,0.24
3190,FALSE,0.24
5023,FALSE,0.24
5038,FALSE,0.24
5089,FALSE,0.242717076
3779,FALSE,0.244
4685,FALSE,0.246778302
3852,FALSE,0.247
5276,FALSE,0.248
2893,FALSE,0.25
2915,FALSE,0.25
2927,FALSE,0.25
3244,FALSE,0.25
3247,FALSE,0.25
3381,FALSE,0.25
2951,FALSE,0.25
3044,FALSE,0.25
3182,FALSE,0.25
4813,FALSE,0.25
5098,FALSE,0.251
4920,FALSE,0.252
5166,FALSE,0.252
5165,FALSE,0.253
5171,FALSE,0.254195983
5099,FALSE,0.256
2857,FALSE,0.26
2883,FALSE,0.26
2884,FALSE,0.26
2698,FALSE,0.26
2723,FALSE,0.26
3264,FALSE,0.26
2978,FALSE,0.26
2982,FALSE,0.26
3112,FALSE,0.26
3172,FALSE,0.26
3401,FALSE,0.26
3406,FALSE,0.26
3432,FALSE,0.26
4024,FALSE,0.26
4110,FALSE,0.26
4135,FALSE,0.26
4604,FALSE,0.26
4815,FALSE,0.26
5101,FALSE,0.261925588
3767,FALSE,0.263
4753,FALSE,0.265024259
2888,FALSE,0.27
2732,FALSE,0.27
2816,FALSE,0.27
2964,FALSE,0.27
2971,FALSE,0.27
3158,FALSE,0.27
3184,FALSE,0.27
3227,FALSE,0.27
3230,FALSE,0.27
4189,FALSE,0.27
4981,FALSE,0.27
4982,FALSE,0.27
4618,FALSE,0.27
4619,FALSE,0.27
4432,FALSE,0.270757087
5159,FALSE,0.273
5280,FALSE,0.278
2853,FALSE,0.28
2865,FALSE,0.28
2799,FALSE,0.28
3265,FALSE,0.28
3394,FALSE,0.28
3033,FALSE,0.28
3139,FALSE,0.28
3176,FALSE,0.28
3407,FALSE,0.28
4073,FALSE,0.28
5047,FALSE,0.28
5066,FALSE,0.281
4698,FALSE,0.282538909
5100,FALSE,0.284
2880,FALSE,0.29
2687,FALSE,0.29
3278,FALSE,0.29
3208,FALSE,0.29
3231,FALSE,0.29
4078,FALSE,0.29
4883,FALSE,0.293
2675,FALSE,0.3
2835,FALSE,0.3
3303,FALSE,0.3
3386,FALSE,0.3
3403,FALSE,0.3
3414,FALSE,0.3
3442,FALSE,0.3
5036,FALSE,0.3
2935,FALSE,0.31
3195,FALSE,0.31
4977,FALSE,0.31
5096,FALSE,0.314213577
5299,FALSE,0.315
5164,FALSE,0.318
4835,FALSE,0.31872942
3254,FALSE,0.32
3008,FALSE,0.32
3202,FALSE,0.32
3218,FALSE,0.32
4357,FALSE,0.322
2914,FALSE,0.33
2678,FALSE,0.33
3388,FALSE,0.33
3390,FALSE,0.33
2949,FALSE,0.33
3092,FALSE,0.33
3404,FALSE,0.33
4606,FALSE,0.33
4679,FALSE,0.335080032
2905,FALSE,0.34
2906,FALSE,0.34
3305,FALSE,0.34
3347,FALSE,0.34
3387,FALSE,0.34
2967,FALSE,0.34
2974,FALSE,0.34
4603,FALSE,0.34
5267,FALSE,0.34
3391,FALSE,0.35
2953,FALSE,0.35
3426,FALSE,0.35
3345,FALSE,0.36
4191,FALSE,0.36
5157,FALSE,0.362
4660,FALSE,0.366929123
5181,FALSE,0.369
2845,FALSE,0.37
2891,FALSE,0.37
2933,FALSE,0.37
3192,FALSE,0.37
4976,FALSE,0.37
2851,FALSE,0.38
2902,FALSE,0.38
2747,FALSE,0.38
3269,FALSE,0.38
3436,FALSE,0.38
5167,FALSE,0.383
4708,FALSE,0.389076578
2911,FALSE,0.39
2803,FALSE,0.39
2972,FALSE,0.39
3232,FALSE,0.39
2749,FALSE,0.392276598
5160,FALSE,0.393
5175,FALSE,0.394438364
5298,FALSE,0.399
2877,FALSE,0.4
2931,FALSE,0.4
3383,FALSE,0.4
3035,FALSE,0.4
3133,FALSE,0.4
4824,FALSE,0.4
5174,FALSE,0.406169491
5051,FALSE,0.407
4356,FALSE,0.409
2913,FALSE,0.41
2672,FALSE,0.41
2706,FALSE,0.41
3300,FALSE,0.41
3385,FALSE,0.41
3142,FALSE,0.41
3402,FALSE,0.41
4599,FALSE,0.41
5297,FALSE,0.41
5173,FALSE,0.415541216
2936,FALSE,0.42
2685,FALSE,0.42
2808,FALSE,0.42
3333,FALSE,0.42
3114,FALSE,0.42
5004,FALSE,0.42
2895,FALSE,0.43
2924,FALSE,0.43
2926,FALSE,0.43
2682,FALSE,0.43
3210,FALSE,0.43
4609,FALSE,0.43
4610,FALSE,0.43
5277,FALSE,0.438
3296,FALSE,0.44
3059,FALSE,0.44
5090,FALSE,0.443180201
4847,FALSE,0.447515135
2846,FALSE,0.45
2894,FALSE,0.45
2699,FALSE,0.45
2812,FALSE,0.45
3177,FALSE,0.45
3750,FALSE,0.458
2676,FALSE,0.46
2709,FALSE,0.46
3405,FALSE,0.46
4715,FALSE,0.468294012
2863,FALSE,0.47
3276,FALSE,0.47
3393,FALSE,0.47
3429,FALSE,0.47
5082,FALSE,0.478
2680,FALSE,0.48
2819,FALSE,0.48
3178,FALSE,0.48
3389,FALSE,0.49
2873,FALSE,0.5
4419,FALSE,0.505446593
4904,FALSE,0.508
3334,FALSE,0.51
3046,FALSE,0.51
4710,FALSE,0.522295371
3373,FALSE,0.53
4622,FALSE,0.53
4623,FALSE,0.53
5102,FALSE,0.536
3270,FALSE,0.54
2955,FALSE,0.54
2903,FALSE,0.55
2912,FALSE,0.55
2867,FALSE,0.56
4133,FALSE,0.56
5087,FALSE,0.565282588
2876,FALSE,0.57
2711,FALSE,0.57
2800,FALSE,0.57
3211,FALSE,0.57
4025,FALSE,0.57
4978,FALSE,0.57
3179,FALSE,0.58
3180,FALSE,0.58
5084,FALSE,0.580591369
2811,FALSE,0.59
3335,FALSE,0.59
5169,FALSE,0.594
2872,FALSE,0.6
3292,FALSE,0.6
3430,FALSE,0.6
2942,FALSE,0.62
3444,FALSE,0.63
3877,FALSE,0.63
2694,FALSE,0.64
2950,FALSE,0.64
2958,FALSE,0.64
2890,FALSE,0.65
3173,FALSE,0.65
4979,FALSE,0.65
2909,FALSE,0.66
2689,FALSE,0.66
2707,FALSE,0.66
2765,FALSE,0.66
5083,FALSE,0.663612431
3272,FALSE,0.67
2946,FALSE,0.67
3438,FALSE,0.67
2683,FALSE,0.68
2690,FALSE,0.68
3273,FALSE,0.68
2956,FALSE,0.68
3441,FALSE,0.68
2904,FALSE,0.7
2937,FALSE,0.7
2778,FALSE,0.71
2713,FALSE,0.73
4381,FALSE,0.734
3408,FALSE,0.75
2753,FALSE,0.753
2760,FALSE,0.76
3307,FALSE,0.76
4190,FALSE,0.76
2885,FALSE,0.77
2693,FALSE,0.77
2671,FALSE,0.8
2697,FALSE,0.82
2930,FALSE,0.84
3175,FALSE,0.85
2695,FALSE,0.86
3422,FALSE,0.9
2673,FALSE,0.92
3279,FALSE,0.92
4658,FALSE,0.9283
4987,FALSE,0.94
3266,FALSE,0.95
2907,FALSE,0.96
2940,FALSE,0.96
3352,FALSE,0.96
2928,FALSE,0.98
2889,FALSE,1
4057,FALSE,1.01
3271,FALSE,1.02
2970,FALSE,1.02
2882,FALSE,1.03
2681,FALSE,1.04
5024,FALSE,1.04
5095,FALSE,1.042
2688,FALSE,1.05
2871,FALSE,1.07
3428,FALSE,1.07
3323,FALSE,1.08
2929,FALSE,1.09
3318,FALSE,1.17
3312,FALSE,1.18
3196,FALSE,1.19
3351,FALSE,1.2
3193,FALSE,1.21
2712,FALSE,1.22
2679,FALSE,1.24
3194,FALSE,1.24
3174,FALSE,1.25
2874,FALSE,1.27
2943,FALSE,1.27
2947,FALSE,1.3
4988,FALSE,1.32
3186,FALSE,1.33
3420,FALSE,1.33
5288,FALSE,1.34
5301,FALSE,1.355
2868,FALSE,1.37
2692,FALSE,1.43
3289,FALSE,1.43
2954,FALSE,1.46
5300,FALSE,1.481
2875,FALSE,1.52
5021,FALSE,1.53
3822,FALSE,1.54
2944,FALSE,1.57
2669,FALSE,1.59
3187,FALSE,1.6
2948,FALSE,1.65
3183,FALSE,1.68
3274,FALSE,1.72
3268,FALSE,1.77
3309,FALSE,1.77
2691,FALSE,1.79
5029,FALSE,1.81
5168,FALSE,1.82
2666,FALSE,1.83
2934,FALSE,1.87
2667,FALSE,1.92
3326,FALSE,1.96
2959,FALSE,1.96
3311,FALSE,2.11
3423,FALSE,2.24
3308,FALSE,2.36
2665,FALSE,2.44
4986,FALSE,2.46
2963,FALSE,2.69
2664,FALSE,2.76
3310,FALSE,2.76
4980,FALSE,2.82
2901,FALSE,2.86
2663,FALSE,2.96
2918,FALSE,3
3313,FALSE,3.1
4975,FALSE,3.28
2932,FALSE,3.67
2900,FALSE,3.72
2910,FALSE,3.76
2668,FALSE,4.28
3267,FALSE,4.3
3319,FALSE,4.44
5022,FALSE,4.45
3314,FALSE,4.5
3324,FALSE,4.51
2670,FALSE,4.62
2919,FALSE,4.94
3321,FALSE,5.09
2710,FALSE,5.5
3189,FALSE,5.8
3191,FALSE,6.13
4983,FALSE,6.56
3325,FALSE,7.92
3316,FALSE,8.31
2705,FALSE,8.36
3437,FALSE,9.56
3320,FALSE,9.93
2881,FALSE,12.3
3315,FALSE,16
